file,FEXT,NEXT,param.snpPortsOrder,OP.DEBUG ,OP.DISPLAY_WINDOW ,OP.pkg_len_select ,param.tfx,OP.RUNTAG
\\scdc-fs-12r2\public\channels\IEEE802p3ck\tracy_3ck_03_0319_OSFP2m\Tx7\Thru_Tx7_TP1toTP4_OSFP100G_2m_28AWG.s4p,\\scdc-fs-12r2\public\channels\IEEE802p3ck\tracy_3ck_03_0319_OSFP2m\Tx7\FEXT_Tx4_TP1toTP4_OSFP100G_2m_28AWG.s4p,\\scdc-fs-12r2\public\channels\IEEE802p3ck\tracy_3ck_03_0319_OSFP2m\Tx7\NEXT_Rx4_TP1toTP4_OSFP100G_2m_28AWG.s4p,[ 1 3 2 4 ],1,1,2,[ 6.2e-10 6.2e-10 ],R1
,\\scdc-fs-12r2\public\channels\IEEE802p3ck\tracy_3ck_03_0319_OSFP2m\Tx7\FEXT_Tx5_TP1toTP4_OSFP100G_2m_28AWG.s4p,\\scdc-fs-12r2\public\channels\IEEE802p3ck\tracy_3ck_03_0319_OSFP2m\Tx7\NEXT_Rx5_TP1toTP4_OSFP100G_2m_28AWG.s4p,[ 1 3 2 4 ],1,1,2,[ 6.2e-10 6.2e-10 ],R1
,\\scdc-fs-12r2\public\channels\IEEE802p3ck\tracy_3ck_03_0319_OSFP2m\Tx7\FEXT_Tx6_TP1toTP4_OSFP100G_2m_28AWG.s4p,\\scdc-fs-12r2\public\channels\IEEE802p3ck\tracy_3ck_03_0319_OSFP2m\Tx7\NEXT_Rx6_TP1toTP4_OSFP100G_2m_28AWG.s4p,[ 1 3 2 4 ],1,1,2,[ 6.2e-10 6.2e-10 ],R1
,\\scdc-fs-12r2\public\channels\IEEE802p3ck\tracy_3ck_03_0319_OSFP2m\Tx7\FEXT_Tx8_TP1toTP4_OSFP100G_2m_28AWG.s4p,\\scdc-fs-12r2\public\channels\IEEE802p3ck\tracy_3ck_03_0319_OSFP2m\Tx7\NEXT_Rx7_TP1toTP4_OSFP100G_2m_28AWG.s4p,[ 1 3 2 4 ],1,1,2,[ 6.2e-10 6.2e-10 ],R1
,\\scdc-fs-12r2\public\channels\IEEE802p3ck\tracy_3ck_03_0319_OSFP2m\Tx7\FEXT_Tx1_TP1toTP4_OSFP100G_2m_28AWG.s4p,\\scdc-fs-12r2\public\channels\IEEE802p3ck\tracy_3ck_03_0319_OSFP2m\Tx7\NEXT_Rx8_TP1toTP4_OSFP100G_2m_28AWG.s4p,[ 1 3 2 4 ],1,1,2,[ 6.2e-10 6.2e-10 ],R1
,\\scdc-fs-12r2\public\channels\IEEE802p3ck\tracy_3ck_03_0319_OSFP2m\Tx7\FEXT_Tx2_TP1toTP4_OSFP100G_2m_28AWG.s4p,\\scdc-fs-12r2\public\channels\IEEE802p3ck\tracy_3ck_03_0319_OSFP2m\Tx7\NEXT_Rx1_TP1toTP4_OSFP100G_2m_28AWG.s4p,[ 1 3 2 4 ],1,1,2,[ 6.2e-10 6.2e-10 ],R1
,\\scdc-fs-12r2\public\channels\IEEE802p3ck\tracy_3ck_03_0319_OSFP2m\Tx7\FEXT_Tx3_TP1toTP4_OSFP100G_2m_28AWG.s4p,\\scdc-fs-12r2\public\channels\IEEE802p3ck\tracy_3ck_03_0319_OSFP2m\Tx7\NEXT_Rx2_TP1toTP4_OSFP100G_2m_28AWG.s4p,[ 1 3 2 4 ],1,1,2,[ 6.2e-10 6.2e-10 ],R1
,,\\scdc-fs-12r2\public\channels\IEEE802p3ck\tracy_3ck_03_0319_OSFP2m\Tx7\NEXT_Rx3_TP1toTP4_OSFP100G_2m_28AWG.s4p,[ 1 3 2 4 ],1,1,2,[ 6.2e-10 6.2e-10 ],R1
\\scdc-fs-12r2\public\channels\IEEE802p3ck\tracy_3ck_03_0319_OSFP2m\Tx8\Thru_Tx8_TP1toTP4_OSFP100G_2m_28AWG.s4p,W:\channels\IEEE802p3ck\tracy_3ck_03_0319_OSFP2m\Tx8\FEXT_Tx4_TP1toTP4_OSFP100G_2m_28AWG.s4p,\\scdc-fs-12r2\public\channels\IEEE802p3ck\tracy_3ck_03_0319_OSFP2m\Tx8\NEXT_Rx4_TP1toTP4_OSFP100G_2m_28AWG.s4p,[ 1 3 2 4 ],1,1,2,[ 6.2e-10 6.2e-10 ],R2
,W:\channels\IEEE802p3ck\tracy_3ck_03_0319_OSFP2m\Tx8\FEXT_Tx5_TP1toTP4_OSFP100G_2m_28AWG.s4p,\\scdc-fs-12r2\public\channels\IEEE802p3ck\tracy_3ck_03_0319_OSFP2m\Tx8\NEXT_Rx5_TP1toTP4_OSFP100G_2m_28AWG.s4p,[ 1 3 2 4 ],1,1,2,[ 6.2e-10 6.2e-10 ],R2
,W:\channels\IEEE802p3ck\tracy_3ck_03_0319_OSFP2m\Tx8\FEXT_Tx6_TP1toTP4_OSFP100G_2m_28AWG.s4p,\\scdc-fs-12r2\public\channels\IEEE802p3ck\tracy_3ck_03_0319_OSFP2m\Tx8\NEXT_Rx6_TP1toTP4_OSFP100G_2m_28AWG.s4p,[ 1 3 2 4 ],1,1,2,[ 6.2e-10 6.2e-10 ],R2
,W:\channels\IEEE802p3ck\tracy_3ck_03_0319_OSFP2m\Tx8\FEXT_Tx7_TP1toTP4_OSFP100G_2m_28AWG.s4p,\\scdc-fs-12r2\public\channels\IEEE802p3ck\tracy_3ck_03_0319_OSFP2m\Tx8\NEXT_Rx7_TP1toTP4_OSFP100G_2m_28AWG.s4p,[ 1 3 2 4 ],1,1,2,[ 6.2e-10 6.2e-10 ],R2
,W:\channels\IEEE802p3ck\tracy_3ck_03_0319_OSFP2m\Tx8\FEXT_Tx1_TP1toTP4_OSFP100G_2m_28AWG.s4p,\\scdc-fs-12r2\public\channels\IEEE802p3ck\tracy_3ck_03_0319_OSFP2m\Tx8\NEXT_Rx8_TP1toTP4_OSFP100G_2m_28AWG.s4p,[ 1 3 2 4 ],1,1,2,[ 6.2e-10 6.2e-10 ],R2
,W:\channels\IEEE802p3ck\tracy_3ck_03_0319_OSFP2m\Tx8\FEXT_Tx2_TP1toTP4_OSFP100G_2m_28AWG.s4p,\\scdc-fs-12r2\public\channels\IEEE802p3ck\tracy_3ck_03_0319_OSFP2m\Tx8\NEXT_Rx1_TP1toTP4_OSFP100G_2m_28AWG.s4p,[ 1 3 2 4 ],1,1,2,[ 6.2e-10 6.2e-10 ],R2
,W:\channels\IEEE802p3ck\tracy_3ck_03_0319_OSFP2m\Tx8\FEXT_Tx3_TP1toTP4_OSFP100G_2m_28AWG.s4p,\\scdc-fs-12r2\public\channels\IEEE802p3ck\tracy_3ck_03_0319_OSFP2m\Tx8\NEXT_Rx2_TP1toTP4_OSFP100G_2m_28AWG.s4p,[ 1 3 2 4 ],1,1,2,[ 6.2e-10 6.2e-10 ],R2
,,\\scdc-fs-12r2\public\channels\IEEE802p3ck\tracy_3ck_03_0319_OSFP2m\Tx8\NEXT_Rx3_TP1toTP4_OSFP100G_2m_28AWG.s4p,[ 1 3 2 4 ],1,1,2,[ 6.2e-10 6.2e-10 ],R2
\\scdc-fs-12r2\public\channels\IEEE802p3ck\tracy_3ck_02_0319_OSFP1p5m\Tx7\Thru_Tx7_TP1toTP4_OSFP100G_1p5m_28AWG.s4p,\\scdc-fs-12r2\public\channels\IEEE802p3ck\tracy_3ck_02_0319_OSFP1p5m\Tx7\FEXT_Tx5_TP1toTP4_OSFP100G_1p5m_28AWG.s4p,\\scdc-fs-12r2\public\channels\IEEE802p3ck\tracy_3ck_02_0319_OSFP1p5m\Tx7\NEXT_Rx6_TP1toTP4_OSFP100G_1p5m_28AWG.s4p,[ 1 3 2 4 ],1,1,2,[ 6.2e-10 6.2e-10 ],R3
,\\scdc-fs-12r2\public\channels\IEEE802p3ck\tracy_3ck_02_0319_OSFP1p5m\Tx7\FEXT_Tx6_TP1toTP4_OSFP100G_1p5m_28AWG.s4p,\\scdc-fs-12r2\public\channels\IEEE802p3ck\tracy_3ck_02_0319_OSFP1p5m\Tx7\NEXT_Rx7_TP1toTP4_OSFP100G_1p5m_28AWG.s4p,[ 1 3 2 4 ],1,1,2,[ 6.2e-10 6.2e-10 ],R3
,\\scdc-fs-12r2\public\channels\IEEE802p3ck\tracy_3ck_02_0319_OSFP1p5m\Tx7\FEXT_Tx8_TP1toTP4_OSFP100G_1p5m_28AWG.s4p,\\scdc-fs-12r2\public\channels\IEEE802p3ck\tracy_3ck_02_0319_OSFP1p5m\Tx7\NEXT_Rx8_TP1toTP4_OSFP100G_1p5m_28AWG.s4p,[ 1 3 2 4 ],1,1,2,[ 6.2e-10 6.2e-10 ],R3
,\\scdc-fs-12r2\public\channels\IEEE802p3ck\tracy_3ck_02_0319_OSFP1p5m\Tx7\FEXT_Tx1_TP1toTP4_OSFP100G_1p5m_28AWG.s4p,\\scdc-fs-12r2\public\channels\IEEE802p3ck\tracy_3ck_02_0319_OSFP1p5m\Tx7\NEXT_Rx1_TP1toTP4_OSFP100G_1p5m_28AWG.s4p,[ 1 3 2 4 ],1,1,2,[ 6.2e-10 6.2e-10 ],R3
,\\scdc-fs-12r2\public\channels\IEEE802p3ck\tracy_3ck_02_0319_OSFP1p5m\Tx7\FEXT_Tx2_TP1toTP4_OSFP100G_1p5m_28AWG.s4p,\\scdc-fs-12r2\public\channels\IEEE802p3ck\tracy_3ck_02_0319_OSFP1p5m\Tx7\NEXT_Rx2_TP1toTP4_OSFP100G_1p5m_28AWG.s4p,[ 1 3 2 4 ],1,1,2,[ 6.2e-10 6.2e-10 ],R3
,\\scdc-fs-12r2\public\channels\IEEE802p3ck\tracy_3ck_02_0319_OSFP1p5m\Tx7\FEXT_Tx3_TP1toTP4_OSFP100G_1p5m_28AWG.s4p,\\scdc-fs-12r2\public\channels\IEEE802p3ck\tracy_3ck_02_0319_OSFP1p5m\Tx7\NEXT_Rx3_TP1toTP4_OSFP100G_1p5m_28AWG.s4p,[ 1 3 2 4 ],1,1,2,[ 6.2e-10 6.2e-10 ],R3
,\\scdc-fs-12r2\public\channels\IEEE802p3ck\tracy_3ck_02_0319_OSFP1p5m\Tx7\FEXT_Tx4_TP1toTP4_OSFP100G_1p5m_28AWG.s4p,\\scdc-fs-12r2\public\channels\IEEE802p3ck\tracy_3ck_02_0319_OSFP1p5m\Tx7\NEXT_Rx4_TP1toTP4_OSFP100G_1p5m_28AWG.s4p,[ 1 3 2 4 ],1,1,2,[ 6.2e-10 6.2e-10 ],R3
,,\\scdc-fs-12r2\public\channels\IEEE802p3ck\tracy_3ck_02_0319_OSFP1p5m\Tx7\NEXT_Rx5_TP1toTP4_OSFP100G_1p5m_28AWG.s4p,[ 1 3 2 4 ],1,1,2,[ 6.2e-10 6.2e-10 ],R3
\\scdc-fs-12r2\public\channels\IEEE802p3ck\tracy_3ck_02_0319_OSFP1p5m\Tx8\Thru_Tx8_TP1toTP4_OSFP100G_1p5m_28AWG.s4p,\\scdc-fs-12r2\public\channels\IEEE802p3ck\tracy_3ck_02_0319_OSFP1p5m\Tx8\FEXT_Tx5_TP1toTP4_OSFP100G_1p5m_28AWG.s4p,\\scdc-fs-12r2\public\channels\IEEE802p3ck\tracy_3ck_02_0319_OSFP1p5m\Tx8\NEXT_Rx6_TP1toTP4_OSFP100G_1p5m_28AWG.s4p,[ 1 3 2 4 ],1,1,2,[ 6.2e-10 6.2e-10 ],R4
,\\scdc-fs-12r2\public\channels\IEEE802p3ck\tracy_3ck_02_0319_OSFP1p5m\Tx8\FEXT_Tx6_TP1toTP4_OSFP100G_1p5m_28AWG.s4p,\\scdc-fs-12r2\public\channels\IEEE802p3ck\tracy_3ck_02_0319_OSFP1p5m\Tx8\NEXT_Rx7_TP1toTP4_OSFP100G_1p5m_28AWG.s4p,[ 1 3 2 4 ],1,1,2,[ 6.2e-10 6.2e-10 ],R4
,\\scdc-fs-12r2\public\channels\IEEE802p3ck\tracy_3ck_02_0319_OSFP1p5m\Tx8\FEXT_Tx7_TP1toTP4_OSFP100G_1p5m_28AWG.s4p,\\scdc-fs-12r2\public\channels\IEEE802p3ck\tracy_3ck_02_0319_OSFP1p5m\Tx8\NEXT_Rx8_TP1toTP4_OSFP100G_1p5m_28AWG.s4p,[ 1 3 2 4 ],1,1,2,[ 6.2e-10 6.2e-10 ],R4
,\\scdc-fs-12r2\public\channels\IEEE802p3ck\tracy_3ck_02_0319_OSFP1p5m\Tx8\FEXT_Tx1_TP1toTP4_OSFP100G_1p5m_28AWG.s4p,\\scdc-fs-12r2\public\channels\IEEE802p3ck\tracy_3ck_02_0319_OSFP1p5m\Tx8\NEXT_Rx1_TP1toTP4_OSFP100G_1p5m_28AWG.s4p,[ 1 3 2 4 ],1,1,2,[ 6.2e-10 6.2e-10 ],R4
,\\scdc-fs-12r2\public\channels\IEEE802p3ck\tracy_3ck_02_0319_OSFP1p5m\Tx8\FEXT_Tx2_TP1toTP4_OSFP100G_1p5m_28AWG.s4p,\\scdc-fs-12r2\public\channels\IEEE802p3ck\tracy_3ck_02_0319_OSFP1p5m\Tx8\NEXT_Rx2_TP1toTP4_OSFP100G_1p5m_28AWG.s4p,[ 1 3 2 4 ],1,1,2,[ 6.2e-10 6.2e-10 ],R4
,\\scdc-fs-12r2\public\channels\IEEE802p3ck\tracy_3ck_02_0319_OSFP1p5m\Tx8\FEXT_Tx3_TP1toTP4_OSFP100G_1p5m_28AWG.s4p,\\scdc-fs-12r2\public\channels\IEEE802p3ck\tracy_3ck_02_0319_OSFP1p5m\Tx8\NEXT_Rx3_TP1toTP4_OSFP100G_1p5m_28AWG.s4p,[ 1 3 2 4 ],1,1,2,[ 6.2e-10 6.2e-10 ],R4
,\\scdc-fs-12r2\public\channels\IEEE802p3ck\tracy_3ck_02_0319_OSFP1p5m\Tx8\FEXT_Tx4_TP1toTP4_OSFP100G_1p5m_28AWG.s4p,\\scdc-fs-12r2\public\channels\IEEE802p3ck\tracy_3ck_02_0319_OSFP1p5m\Tx8\NEXT_Rx4_TP1toTP4_OSFP100G_1p5m_28AWG.s4p,[ 1 3 2 4 ],1,1,2,[ 6.2e-10 6.2e-10 ],R4
,,\\scdc-fs-12r2\public\channels\IEEE802p3ck\tracy_3ck_02_0319_OSFP1p5m\Tx8\NEXT_Rx5_TP1toTP4_OSFP100G_1p5m_28AWG.s4p,[ 1 3 2 4 ],1,1,2,[ 6.2e-10 6.2e-10 ],R4
\\scdc-fs-12r2\public\channels\IEEE802p3ck\palkert_3ck_03_0719\RowA_Tx4\THRU_Molex_TP1-TP4_2mQSFP-DD_RowA_07-2019_P1Tx4-P2Rx4.s4p,\\scdc-fs-12r2\public\channels\IEEE802p3ck\palkert_3ck_03_0719\RowA_Tx4\FEXT_Molex_TP1-TP4_2mQSFP-DD_RowA_07-2019_P1Tx4-P2Rx3.s4p,\\scdc-fs-12r2\public\channels\IEEE802p3ck\palkert_3ck_03_0719\RowA_Tx4\NEXT_Molex_TP1-TP4_2mQSFP-DD_RowA_07-2019_P1Tx4-P1Rx6.s4p,[ 1 3 2 4 ],1,1,2,[ 7.729e-10 7.729e-10],R5
,\\scdc-fs-12r2\public\channels\IEEE802p3ck\palkert_3ck_03_0719\RowA_Tx4\FEXT_Molex_TP1-TP4_2mQSFP-DD_RowA_07-2019_P1Tx4-P2Rx5.s4p,\\scdc-fs-12r2\public\channels\IEEE802p3ck\palkert_3ck_03_0719\RowA_Tx4\NEXT_Molex_TP1-TP4_2mQSFP-DD_RowA_07-2019_P1Tx4-P1Rx7.s4p,[ 1 3 2 4 ],1,1,2,[ 7.729e-10 7.729e-10],R5
,\\scdc-fs-12r2\public\channels\IEEE802p3ck\palkert_3ck_03_0719\RowA_Tx4\FEXT_Molex_TP1-TP4_2mQSFP-DD_RowA_07-2019_P1Tx4-P2Rx6.s4p,\\scdc-fs-12r2\public\channels\IEEE802p3ck\palkert_3ck_03_0719\RowA_Tx4\NEXT_Molex_TP1-TP4_2mQSFP-DD_RowA_07-2019_P1Tx4-P1Rx8.s4p,[ 1 3 2 4 ],1,1,2,[ 7.729e-10 7.729e-10],R5
,\\scdc-fs-12r2\public\channels\IEEE802p3ck\palkert_3ck_03_0719\RowA_Tx4\FEXT_Molex_TP1-TP4_2mQSFP-DD_RowA_07-2019_P1Tx4-P2Rx7.s4p,\\scdc-fs-12r2\public\channels\IEEE802p3ck\palkert_3ck_03_0719\RowA_Tx4\NEXT_Molex_TP1-TP4_2mQSFP-DD_RowA_07-2019_P1Tx4-P1Rx1.s4p,[ 1 3 2 4 ],1,1,2,[ 7.729e-10 7.729e-10],R5
,\\scdc-fs-12r2\public\channels\IEEE802p3ck\palkert_3ck_03_0719\RowA_Tx4\FEXT_Molex_TP1-TP4_2mQSFP-DD_RowA_07-2019_P1Tx4-P2Rx8.s4p,\\scdc-fs-12r2\public\channels\IEEE802p3ck\palkert_3ck_03_0719\RowA_Tx4\NEXT_Molex_TP1-TP4_2mQSFP-DD_RowA_07-2019_P1Tx4-P1Rx2.s4p,[ 1 3 2 4 ],1,1,2,[ 7.729e-10 7.729e-10],R5
,\\scdc-fs-12r2\public\channels\IEEE802p3ck\palkert_3ck_03_0719\RowA_Tx4\FEXT_Molex_TP1-TP4_2mQSFP-DD_RowA_07-2019_P1Tx4-P2Rx1.s4p,\\scdc-fs-12r2\public\channels\IEEE802p3ck\palkert_3ck_03_0719\RowA_Tx4\NEXT_Molex_TP1-TP4_2mQSFP-DD_RowA_07-2019_P1Tx4-P1Rx3.s4p,[ 1 3 2 4 ],1,1,2,[ 7.729e-10 7.729e-10],R5
,\\scdc-fs-12r2\public\channels\IEEE802p3ck\palkert_3ck_03_0719\RowA_Tx4\FEXT_Molex_TP1-TP4_2mQSFP-DD_RowA_07-2019_P1Tx4-P2Rx2.s4p,\\scdc-fs-12r2\public\channels\IEEE802p3ck\palkert_3ck_03_0719\RowA_Tx4\NEXT_Molex_TP1-TP4_2mQSFP-DD_RowA_07-2019_P1Tx4-P1Rx4.s4p,[ 1 3 2 4 ],1,1,2,[ 7.729e-10 7.729e-10],R5
,,\\scdc-fs-12r2\public\channels\IEEE802p3ck\palkert_3ck_03_0719\RowA_Tx4\NEXT_Molex_TP1-TP4_2mQSFP-DD_RowA_07-2019_P1Tx4-P1Rx5.s4p,[ 1 3 2 4 ],1,1,2,[ 7.729e-10 7.729e-10],R5
\\scdc-fs-12r2\public\channels\IEEE802p3ck\palkert_3ck_03_0719\RowB_Tx8\THRU_Molex_TP1-TP4_2mQSFP-DD_RowB_07-2019_P1Tx8-P2Rx8.s4p,\\scdc-fs-12r2\public\channels\IEEE802p3ck\palkert_3ck_03_0719\RowB_Tx8\FEXT_Molex_TP1-TP4_2mQSFP-DD_RowB_07-2019_P1Tx8-P2Rx5.s4p,\\scdc-fs-12r2\public\channels\IEEE802p3ck\palkert_3ck_03_0719\RowB_Tx8\NEXT_Molex_TP1-TP4_2mQSFP-DD_RowB_07-2019_P1Tx8-P1Rx5.s4p,[ 1 3 2 4 ],1,1,2,[ 7.729e-10 7.729e-10],R6
,\\scdc-fs-12r2\public\channels\IEEE802p3ck\palkert_3ck_03_0719\RowB_Tx8\FEXT_Molex_TP1-TP4_2mQSFP-DD_RowB_07-2019_P1Tx8-P2Rx6.s4p,\\scdc-fs-12r2\public\channels\IEEE802p3ck\palkert_3ck_03_0719\RowB_Tx8\NEXT_Molex_TP1-TP4_2mQSFP-DD_RowB_07-2019_P1Tx8-P1Rx6.s4p,[ 1 3 2 4 ],1,1,2,[ 7.729e-10 7.729e-10],R6
,\\scdc-fs-12r2\public\channels\IEEE802p3ck\palkert_3ck_03_0719\RowB_Tx8\FEXT_Molex_TP1-TP4_2mQSFP-DD_RowB_07-2019_P1Tx8-P2Rx7.s4p,\\scdc-fs-12r2\public\channels\IEEE802p3ck\palkert_3ck_03_0719\RowB_Tx8\NEXT_Molex_TP1-TP4_2mQSFP-DD_RowB_07-2019_P1Tx8-P1Rx7.s4p,[ 1 3 2 4 ],1,1,2,[ 7.729e-10 7.729e-10],R6
,\\scdc-fs-12r2\public\channels\IEEE802p3ck\palkert_3ck_03_0719\RowB_Tx8\FEXT_Molex_TP1-TP4_2mQSFP-DD_RowB_07-2019_P1Tx8-P2Rx1.s4p,\\scdc-fs-12r2\public\channels\IEEE802p3ck\palkert_3ck_03_0719\RowB_Tx8\NEXT_Molex_TP1-TP4_2mQSFP-DD_RowB_07-2019_P1Tx8-P1Rx8.s4p,[ 1 3 2 4 ],1,1,2,[ 7.729e-10 7.729e-10],R6
,\\scdc-fs-12r2\public\channels\IEEE802p3ck\palkert_3ck_03_0719\RowB_Tx8\FEXT_Molex_TP1-TP4_2mQSFP-DD_RowB_07-2019_P1Tx8-P2Rx2.s4p,\\scdc-fs-12r2\public\channels\IEEE802p3ck\palkert_3ck_03_0719\RowB_Tx8\NEXT_Molex_TP1-TP4_2mQSFP-DD_RowB_07-2019_P1Tx8-P1Rx1.s4p,[ 1 3 2 4 ],1,1,2,[ 7.729e-10 7.729e-10],R6
,\\scdc-fs-12r2\public\channels\IEEE802p3ck\palkert_3ck_03_0719\RowB_Tx8\FEXT_Molex_TP1-TP4_2mQSFP-DD_RowB_07-2019_P1Tx8-P2Rx3.s4p,\\scdc-fs-12r2\public\channels\IEEE802p3ck\palkert_3ck_03_0719\RowB_Tx8\NEXT_Molex_TP1-TP4_2mQSFP-DD_RowB_07-2019_P1Tx8-P1Rx2.s4p,[ 1 3 2 4 ],1,1,2,[ 7.729e-10 7.729e-10],R6
,\\scdc-fs-12r2\public\channels\IEEE802p3ck\palkert_3ck_03_0719\RowB_Tx8\FEXT_Molex_TP1-TP4_2mQSFP-DD_RowB_07-2019_P1Tx8-P2Rx4.s4p,\\scdc-fs-12r2\public\channels\IEEE802p3ck\palkert_3ck_03_0719\RowB_Tx8\NEXT_Molex_TP1-TP4_2mQSFP-DD_RowB_07-2019_P1Tx8-P1Rx3.s4p,[ 1 3 2 4 ],1,1,2,[ 7.729e-10 7.729e-10],R6
,,\\scdc-fs-12r2\public\channels\IEEE802p3ck\palkert_3ck_03_0719\RowB_Tx8\NEXT_Molex_TP1-TP4_2mQSFP-DD_RowB_07-2019_P1Tx8-P1Rx4.s4p,[ 1 3 2 4 ],1,1,2,[ 7.729e-10 7.729e-10],R6
\\scdc-fs-12r2\public\channels\IEEE802p3ck\palkert_3ck_03_0719\RowC_Tx7\THRU_Molex_TP1-TP4_2mQSFP-DD_RowC_07-2019_P1Tx7-P2Rx7.s4p,\\scdc-fs-12r2\public\channels\IEEE802p3ck\palkert_3ck_03_0719\RowC_Tx7\FEXT_Molex_TP1-TP4_2mQSFP-DD_RowC_07-2019_P1Tx7-P2Rx4.s4p,\\scdc-fs-12r2\public\channels\IEEE802p3ck\palkert_3ck_03_0719\RowC_Tx7\NEXT_Molex_TP1-TP4_2mQSFP-DD_RowC_07-2019_P1Tx4-P1Rx7.s4p,[ 1 3 2 4 ],1,1,2,[ 7.729e-10 7.729e-10],R7
,\\scdc-fs-12r2\public\channels\IEEE802p3ck\palkert_3ck_03_0719\RowC_Tx7\FEXT_Molex_TP1-TP4_2mQSFP-DD_RowC_07-2019_P1Tx7-P2Rx5.s4p,\\scdc-fs-12r2\public\channels\IEEE802p3ck\palkert_3ck_03_0719\RowC_Tx7\NEXT_Molex_TP1-TP4_2mQSFP-DD_RowC_07-2019_P1Tx4-P1Rx8.s4p,[ 1 3 2 4 ],1,1,2,[ 7.729e-10 7.729e-10],R7
,\\scdc-fs-12r2\public\channels\IEEE802p3ck\palkert_3ck_03_0719\RowC_Tx7\FEXT_Molex_TP1-TP4_2mQSFP-DD_RowC_07-2019_P1Tx7-P2Rx6.s4p,\\scdc-fs-12r2\public\channels\IEEE802p3ck\palkert_3ck_03_0719\RowC_Tx7\NEXT_Molex_TP1-TP4_2mQSFP-DD_RowC_07-2019_P1Tx4-P1Rx1.s4p,[ 1 3 2 4 ],1,1,2,[ 7.729e-10 7.729e-10],R7
,\\scdc-fs-12r2\public\channels\IEEE802p3ck\palkert_3ck_03_0719\RowC_Tx7\FEXT_Molex_TP1-TP4_2mQSFP-DD_RowC_07-2019_P1Tx7-P2Rx8.s4p,\\scdc-fs-12r2\public\channels\IEEE802p3ck\palkert_3ck_03_0719\RowC_Tx7\NEXT_Molex_TP1-TP4_2mQSFP-DD_RowC_07-2019_P1Tx4-P1Rx2.s4p,[ 1 3 2 4 ],1,1,2,[ 7.729e-10 7.729e-10],R7
,\\scdc-fs-12r2\public\channels\IEEE802p3ck\palkert_3ck_03_0719\RowC_Tx7\FEXT_Molex_TP1-TP4_2mQSFP-DD_RowC_07-2019_P1Tx7-P2Rx1.s4p,\\scdc-fs-12r2\public\channels\IEEE802p3ck\palkert_3ck_03_0719\RowC_Tx7\NEXT_Molex_TP1-TP4_2mQSFP-DD_RowC_07-2019_P1Tx4-P1Rx3.s4p,[ 1 3 2 4 ],1,1,2,[ 7.729e-10 7.729e-10],R7
,\\scdc-fs-12r2\public\channels\IEEE802p3ck\palkert_3ck_03_0719\RowC_Tx7\FEXT_Molex_TP1-TP4_2mQSFP-DD_RowC_07-2019_P1Tx7-P2Rx2.s4p,\\scdc-fs-12r2\public\channels\IEEE802p3ck\palkert_3ck_03_0719\RowC_Tx7\NEXT_Molex_TP1-TP4_2mQSFP-DD_RowC_07-2019_P1Tx4-P1Rx4.s4p,[ 1 3 2 4 ],1,1,2,[ 7.729e-10 7.729e-10],R7
,\\scdc-fs-12r2\public\channels\IEEE802p3ck\palkert_3ck_03_0719\RowC_Tx7\FEXT_Molex_TP1-TP4_2mQSFP-DD_RowC_07-2019_P1Tx7-P2Rx3.s4p,\\scdc-fs-12r2\public\channels\IEEE802p3ck\palkert_3ck_03_0719\RowC_Tx7\NEXT_Molex_TP1-TP4_2mQSFP-DD_RowC_07-2019_P1Tx4-P1Rx5.s4p,[ 1 3 2 4 ],1,1,2,[ 7.729e-10 7.729e-10],R7
,,\\scdc-fs-12r2\public\channels\IEEE802p3ck\palkert_3ck_03_0719\RowC_Tx7\NEXT_Molex_TP1-TP4_2mQSFP-DD_RowC_07-2019_P1Tx4-P1Rx6.s4p,[ 1 3 2 4 ],1,1,2,[ 7.729e-10 7.729e-10],R7
\\scdc-fs-12r2\public\channels\IEEE802p3ck\palkert_3ck_03_0719\RowD_Tx3\THRU_Molex_TP1-TP4_2mQSFP-DD_RowD_07-2019_P1Tx3-P2Rx3.s4p,\\scdc-fs-12r2\public\channels\IEEE802p3ck\palkert_3ck_03_0719\RowD_Tx3\FEXT_Molex_TP1-TP4_2mQSFP-DD_RowD_07-2019_P1Tx3-P2Rx6.s4p,\\scdc-fs-12r2\public\channels\IEEE802p3ck\palkert_3ck_03_0719\RowD_Tx3\NEXT_Molex_TP1-TP4_2mQSFP-DD_RowD_07-2019_P1Tx3-P1Rx6.s4p,[ 1 3 2 4 ],1,1,2,[ 7.729e-10 7.729e-10],R8
,\\scdc-fs-12r2\public\channels\IEEE802p3ck\palkert_3ck_03_0719\RowD_Tx3\FEXT_Molex_TP1-TP4_2mQSFP-DD_RowD_07-2019_P1Tx3-P2Rx7.s4p,\\scdc-fs-12r2\public\channels\IEEE802p3ck\palkert_3ck_03_0719\RowD_Tx3\NEXT_Molex_TP1-TP4_2mQSFP-DD_RowD_07-2019_P1Tx3-P1Rx7.s4p,[ 1 3 2 4 ],1,1,2,[ 7.729e-10 7.729e-10],R8
,\\scdc-fs-12r2\public\channels\IEEE802p3ck\palkert_3ck_03_0719\RowD_Tx3\FEXT_Molex_TP1-TP4_2mQSFP-DD_RowD_07-2019_P1Tx3-P2Rx8.s4p,\\scdc-fs-12r2\public\channels\IEEE802p3ck\palkert_3ck_03_0719\RowD_Tx3\NEXT_Molex_TP1-TP4_2mQSFP-DD_RowD_07-2019_P1Tx3-P1Rx8.s4p,[ 1 3 2 4 ],1,1,2,[ 7.729e-10 7.729e-10],R8
,\\scdc-fs-12r2\public\channels\IEEE802p3ck\palkert_3ck_03_0719\RowD_Tx3\FEXT_Molex_TP1-TP4_2mQSFP-DD_RowD_07-2019_P1Tx3-P2Rx1.s4p,\\scdc-fs-12r2\public\channels\IEEE802p3ck\palkert_3ck_03_0719\RowD_Tx3\NEXT_Molex_TP1-TP4_2mQSFP-DD_RowD_07-2019_P1Tx3-P1Rx1.s4p,[ 1 3 2 4 ],1,1,2,[ 7.729e-10 7.729e-10],R8
,\\scdc-fs-12r2\public\channels\IEEE802p3ck\palkert_3ck_03_0719\RowD_Tx3\FEXT_Molex_TP1-TP4_2mQSFP-DD_RowD_07-2019_P1Tx3-P2Rx2.s4p,\\scdc-fs-12r2\public\channels\IEEE802p3ck\palkert_3ck_03_0719\RowD_Tx3\NEXT_Molex_TP1-TP4_2mQSFP-DD_RowD_07-2019_P1Tx3-P1Rx2.s4p,[ 1 3 2 4 ],1,1,2,[ 7.729e-10 7.729e-10],R8
,\\scdc-fs-12r2\public\channels\IEEE802p3ck\palkert_3ck_03_0719\RowD_Tx3\FEXT_Molex_TP1-TP4_2mQSFP-DD_RowD_07-2019_P1Tx3-P2Rx4.s4p,\\scdc-fs-12r2\public\channels\IEEE802p3ck\palkert_3ck_03_0719\RowD_Tx3\NEXT_Molex_TP1-TP4_2mQSFP-DD_RowD_07-2019_P1Tx3-P1Rx3.s4p,[ 1 3 2 4 ],1,1,2,[ 7.729e-10 7.729e-10],R8
,\\scdc-fs-12r2\public\channels\IEEE802p3ck\palkert_3ck_03_0719\RowD_Tx3\FEXT_Molex_TP1-TP4_2mQSFP-DD_RowD_07-2019_P1Tx3-P2Rx5.s4p,\\scdc-fs-12r2\public\channels\IEEE802p3ck\palkert_3ck_03_0719\RowD_Tx3\NEXT_Molex_TP1-TP4_2mQSFP-DD_RowD_07-2019_P1Tx3-P1Rx4.s4p,[ 1 3 2 4 ],1,1,2,[ 7.729e-10 7.729e-10],R8
,,\\scdc-fs-12r2\public\channels\IEEE802p3ck\palkert_3ck_03_0719\RowD_Tx3\NEXT_Molex_TP1-TP4_2mQSFP-DD_RowD_07-2019_P1Tx3-P1Rx5.s4p,[ 1 3 2 4 ],1,1,2,[ 7.729e-10 7.729e-10],R8
\\scdc-fs-12r2\public\channels\IEEE802p3ck\tracy_3ck_02_0719\P1_Tx1\P1_TX1_P2_RX1_Normal.s4p,\\scdc-fs-12r2\public\channels\IEEE802p3ck\tracy_3ck_02_0719\P1_Tx1\P1_TX5_P2_RX1_Normal.s4p,\\scdc-fs-12r2\public\channels\IEEE802p3ck\tracy_3ck_02_0719\P1_Tx1\P2_TX4_P2_RX1_Normal.s4p,[ 1 3 2 4 ],1,1,2,[ 6.2e-10 6.2e-10 ],R9
,\\scdc-fs-12r2\public\channels\IEEE802p3ck\tracy_3ck_02_0719\P1_Tx1\P1_TX6_P2_RX1_Normal.s4p,\\scdc-fs-12r2\public\channels\IEEE802p3ck\tracy_3ck_02_0719\P1_Tx1\P2_TX5_P2_RX1_Normal.s4p,[ 1 3 2 4 ],1,1,2,[ 6.2e-10 6.2e-10 ],R9
,\\scdc-fs-12r2\public\channels\IEEE802p3ck\tracy_3ck_02_0719\P1_Tx1\P1_TX7_P2_RX1_Normal.s4p,\\scdc-fs-12r2\public\channels\IEEE802p3ck\tracy_3ck_02_0719\P1_Tx1\P2_TX6_P2_RX1_Normal.s4p,[ 1 3 2 4 ],1,1,2,[ 6.2e-10 6.2e-10 ],R9
,\\scdc-fs-12r2\public\channels\IEEE802p3ck\tracy_3ck_02_0719\P1_Tx1\P1_TX8_P2_RX1_Normal.s4p,\\scdc-fs-12r2\public\channels\IEEE802p3ck\tracy_3ck_02_0719\P1_Tx1\P2_TX7_P2_RX1_Normal.s4p,[ 1 3 2 4 ],1,1,2,[ 6.2e-10 6.2e-10 ],R9
,\\scdc-fs-12r2\public\channels\IEEE802p3ck\tracy_3ck_02_0719\P1_Tx1\P1_TX2_P2_RX1_Normal.s4p,\\scdc-fs-12r2\public\channels\IEEE802p3ck\tracy_3ck_02_0719\P1_Tx1\P2_TX8_P2_RX1_Normal.s4p,[ 1 3 2 4 ],1,1,2,[ 6.2e-10 6.2e-10 ],R9
,\\scdc-fs-12r2\public\channels\IEEE802p3ck\tracy_3ck_02_0719\P1_Tx1\P1_TX3_P2_RX1_Normal.s4p,\\scdc-fs-12r2\public\channels\IEEE802p3ck\tracy_3ck_02_0719\P1_Tx1\P2_TX1_P2_RX1_Normal.s4p,[ 1 3 2 4 ],1,1,2,[ 6.2e-10 6.2e-10 ],R9
,\\scdc-fs-12r2\public\channels\IEEE802p3ck\tracy_3ck_02_0719\P1_Tx1\P1_TX4_P2_RX1_Normal.s4p,\\scdc-fs-12r2\public\channels\IEEE802p3ck\tracy_3ck_02_0719\P1_Tx1\P2_TX2_P2_RX1_Normal.s4p,[ 1 3 2 4 ],1,1,2,[ 6.2e-10 6.2e-10 ],R9
,,\\scdc-fs-12r2\public\channels\IEEE802p3ck\tracy_3ck_02_0719\P1_Tx1\P2_TX3_P2_RX1_Normal.s4p,[ 1 3 2 4 ],1,1,2,[ 6.2e-10 6.2e-10 ],R9
\\scdc-fs-12r2\public\channels\IEEE802p3ck\tracy_3ck_02_0719\P1_Tx2\P1_TX2_P2_RX2_Normal.s4p,\\scdc-fs-12r2\public\channels\IEEE802p3ck\tracy_3ck_02_0719\P1_Tx2\P1_TX4_P2_RX2_Normal.s4p,\\scdc-fs-12r2\public\channels\IEEE802p3ck\tracy_3ck_02_0719\P1_Tx2\P2_TX4_P2_RX2_Normal.s4p,[ 1 3 2 4 ],1,1,2,[ 6.2e-10 6.2e-10 ],R10
,\\scdc-fs-12r2\public\channels\IEEE802p3ck\tracy_3ck_02_0719\P1_Tx2\P1_TX5_P2_RX2_Normal.s4p,\\scdc-fs-12r2\public\channels\IEEE802p3ck\tracy_3ck_02_0719\P1_Tx2\P2_TX5_P2_RX2_Normal.s4p,[ 1 3 2 4 ],1,1,2,[ 6.2e-10 6.2e-10 ],R10
,\\scdc-fs-12r2\public\channels\IEEE802p3ck\tracy_3ck_02_0719\P1_Tx2\P1_TX6_P2_RX2_Normal.s4p,\\scdc-fs-12r2\public\channels\IEEE802p3ck\tracy_3ck_02_0719\P1_Tx2\P2_TX6_P2_RX2_Normal.s4p,[ 1 3 2 4 ],1,1,2,[ 6.2e-10 6.2e-10 ],R10
,\\scdc-fs-12r2\public\channels\IEEE802p3ck\tracy_3ck_02_0719\P1_Tx2\P1_TX7_P2_RX2_Normal.s4p,\\scdc-fs-12r2\public\channels\IEEE802p3ck\tracy_3ck_02_0719\P1_Tx2\P2_TX7_P2_RX2_Normal.s4p,[ 1 3 2 4 ],1,1,2,[ 6.2e-10 6.2e-10 ],R10
,\\scdc-fs-12r2\public\channels\IEEE802p3ck\tracy_3ck_02_0719\P1_Tx2\P1_TX8_P2_RX2_Normal.s4p,\\scdc-fs-12r2\public\channels\IEEE802p3ck\tracy_3ck_02_0719\P1_Tx2\P2_TX8_P2_RX2_Normal.s4p,[ 1 3 2 4 ],1,1,2,[ 6.2e-10 6.2e-10 ],R10
,\\scdc-fs-12r2\public\channels\IEEE802p3ck\tracy_3ck_02_0719\P1_Tx2\P1_TX1_P2_RX2_Normal.s4p,\\scdc-fs-12r2\public\channels\IEEE802p3ck\tracy_3ck_02_0719\P1_Tx2\P2_TX1_P2_RX2_Normal.s4p,[ 1 3 2 4 ],1,1,2,[ 6.2e-10 6.2e-10 ],R10
,\\scdc-fs-12r2\public\channels\IEEE802p3ck\tracy_3ck_02_0719\P1_Tx2\P1_TX3_P2_RX2_Normal.s4p,\\scdc-fs-12r2\public\channels\IEEE802p3ck\tracy_3ck_02_0719\P1_Tx2\P2_TX2_P2_RX2_Normal.s4p,[ 1 3 2 4 ],1,1,2,[ 6.2e-10 6.2e-10 ],R10
,,\\scdc-fs-12r2\public\channels\IEEE802p3ck\tracy_3ck_02_0719\P1_Tx2\P2_TX3_P2_RX2_Normal.s4p,[ 1 3 2 4 ],1,1,2,[ 6.2e-10 6.2e-10 ],R10
\\scdc-fs-12r2\public\channels\IEEE802p3ck\tracy_3ck_02_0719\P1_Tx3\P1_TX3_P2_RX3_Normal.s4p,\\scdc-fs-12r2\public\channels\IEEE802p3ck\tracy_3ck_02_0719\P1_Tx3\P1_TX5_P2_RX3_Normal.s4p,\\scdc-fs-12r2\public\channels\IEEE802p3ck\tracy_3ck_02_0719\P1_Tx3\P2_TX4_P2_RX3_Normal.s4p,[ 1 3 2 4 ],1,1,2,[ 6.2e-10 6.2e-10 ],R11
,\\scdc-fs-12r2\public\channels\IEEE802p3ck\tracy_3ck_02_0719\P1_Tx3\P1_TX6_P2_RX3_Normal.s4p,\\scdc-fs-12r2\public\channels\IEEE802p3ck\tracy_3ck_02_0719\P1_Tx3\P2_TX5_P2_RX3_Normal.s4p,[ 1 3 2 4 ],1,1,2,[ 6.2e-10 6.2e-10 ],R11
,\\scdc-fs-12r2\public\channels\IEEE802p3ck\tracy_3ck_02_0719\P1_Tx3\P1_TX7_P2_RX3_Normal.s4p,\\scdc-fs-12r2\public\channels\IEEE802p3ck\tracy_3ck_02_0719\P1_Tx3\P2_TX6_P2_RX3_Normal.s4p,[ 1 3 2 4 ],1,1,2,[ 6.2e-10 6.2e-10 ],R11
,\\scdc-fs-12r2\public\channels\IEEE802p3ck\tracy_3ck_02_0719\P1_Tx3\P1_TX8_P2_RX3_Normal.s4p,\\scdc-fs-12r2\public\channels\IEEE802p3ck\tracy_3ck_02_0719\P1_Tx3\P2_TX7_P2_RX3_Normal.s4p,[ 1 3 2 4 ],1,1,2,[ 6.2e-10 6.2e-10 ],R11
,\\scdc-fs-12r2\public\channels\IEEE802p3ck\tracy_3ck_02_0719\P1_Tx3\P1_TX1_P2_RX3_Normal.s4p,\\scdc-fs-12r2\public\channels\IEEE802p3ck\tracy_3ck_02_0719\P1_Tx3\P2_TX8_P2_RX3_Normal.s4p,[ 1 3 2 4 ],1,1,2,[ 6.2e-10 6.2e-10 ],R11
,\\scdc-fs-12r2\public\channels\IEEE802p3ck\tracy_3ck_02_0719\P1_Tx3\P1_TX2_P2_RX3_Normal.s4p,\\scdc-fs-12r2\public\channels\IEEE802p3ck\tracy_3ck_02_0719\P1_Tx3\P2_TX1_P2_RX3_Normal.s4p,[ 1 3 2 4 ],1,1,2,[ 6.2e-10 6.2e-10 ],R11
,\\scdc-fs-12r2\public\channels\IEEE802p3ck\tracy_3ck_02_0719\P1_Tx3\P1_TX4_P2_RX3_Normal.s4p,\\scdc-fs-12r2\public\channels\IEEE802p3ck\tracy_3ck_02_0719\P1_Tx3\P2_TX2_P2_RX3_Normal.s4p,[ 1 3 2 4 ],1,1,2,[ 6.2e-10 6.2e-10 ],R11
,,\\scdc-fs-12r2\public\channels\IEEE802p3ck\tracy_3ck_02_0719\P1_Tx3\P2_TX3_P2_RX3_Normal.s4p,[ 1 3 2 4 ],1,1,2,[ 6.2e-10 6.2e-10 ],R11
\\scdc-fs-12r2\public\channels\IEEE802p3ck\tracy_3ck_02_0719\P1_Tx4\P1_TX4_P2_RX4_Normal.s4p,\\scdc-fs-12r2\public\channels\IEEE802p3ck\tracy_3ck_02_0719\P1_Tx4\P1_TX6_P2_RX4_Normal.s4p,\\scdc-fs-12r2\public\channels\IEEE802p3ck\tracy_3ck_02_0719\P1_Tx4\P2_TX5_P2_RX4_Normal.s4p,[ 1 3 2 4 ],1,1,2,[ 6.2e-10 6.2e-10 ],R12
,\\scdc-fs-12r2\public\channels\IEEE802p3ck\tracy_3ck_02_0719\P1_Tx4\P1_TX7_P2_RX4_Normal.s4p,\\scdc-fs-12r2\public\channels\IEEE802p3ck\tracy_3ck_02_0719\P1_Tx4\P2_TX6_P2_RX4_Normal.s4p,[ 1 3 2 4 ],1,1,2,[ 6.2e-10 6.2e-10 ],R12
,\\scdc-fs-12r2\public\channels\IEEE802p3ck\tracy_3ck_02_0719\P1_Tx4\P1_TX8_P2_RX4_Normal.s4p,\\scdc-fs-12r2\public\channels\IEEE802p3ck\tracy_3ck_02_0719\P1_Tx4\P2_TX7_P2_RX4_Normal.s4p,[ 1 3 2 4 ],1,1,2,[ 6.2e-10 6.2e-10 ],R12
,\\scdc-fs-12r2\public\channels\IEEE802p3ck\tracy_3ck_02_0719\P1_Tx4\P1_TX1_P2_RX4_Normal.s4p,\\scdc-fs-12r2\public\channels\IEEE802p3ck\tracy_3ck_02_0719\P1_Tx4\P2_TX8_P2_RX4_Normal.s4p,[ 1 3 2 4 ],1,1,2,[ 6.2e-10 6.2e-10 ],R12
,\\scdc-fs-12r2\public\channels\IEEE802p3ck\tracy_3ck_02_0719\P1_Tx4\P1_TX2_P2_RX4_Normal.s4p,\\scdc-fs-12r2\public\channels\IEEE802p3ck\tracy_3ck_02_0719\P1_Tx4\P2_TX1_P2_RX4_Normal.s4p,[ 1 3 2 4 ],1,1,2,[ 6.2e-10 6.2e-10 ],R12
,\\scdc-fs-12r2\public\channels\IEEE802p3ck\tracy_3ck_02_0719\P1_Tx4\P1_TX3_P2_RX4_Normal.s4p,\\scdc-fs-12r2\public\channels\IEEE802p3ck\tracy_3ck_02_0719\P1_Tx4\P2_TX2_P2_RX4_Normal.s4p,[ 1 3 2 4 ],1,1,2,[ 6.2e-10 6.2e-10 ],R12
,\\scdc-fs-12r2\public\channels\IEEE802p3ck\tracy_3ck_02_0719\P1_Tx4\P1_TX5_P2_RX4_Normal.s4p,\\scdc-fs-12r2\public\channels\IEEE802p3ck\tracy_3ck_02_0719\P1_Tx4\P2_TX3_P2_RX4_Normal.s4p,[ 1 3 2 4 ],1,1,2,[ 6.2e-10 6.2e-10 ],R12
,,\\scdc-fs-12r2\public\channels\IEEE802p3ck\tracy_3ck_02_0719\P1_Tx4\P2_TX4_P2_RX4_Normal.s4p,[ 1 3 2 4 ],1,1,2,[ 6.2e-10 6.2e-10 ],R12
\\scdc-fs-12r2\public\channels\IEEE802p3ck\tracy_3ck_02_0719\P1_Tx5\P1_TX5_P2_RX5_Normal.s4p,\\scdc-fs-12r2\public\channels\IEEE802p3ck\tracy_3ck_02_0719\P1_Tx5\P1_TX8_P2_RX5_Normal.s4p,\\scdc-fs-12r2\public\channels\IEEE802p3ck\tracy_3ck_02_0719\P1_Tx5\P2_TX4_P2_RX5_Normal.s4p,[ 1 3 2 4 ],1,1,2,[ 6.2e-10 6.2e-10 ],R13
,\\scdc-fs-12r2\public\channels\IEEE802p3ck\tracy_3ck_02_0719\P1_Tx5\P1_TX1_P2_RX5_Normal.s4p,\\scdc-fs-12r2\public\channels\IEEE802p3ck\tracy_3ck_02_0719\P1_Tx5\P2_TX5_P2_RX5_Normal.s4p,[ 1 3 2 4 ],1,1,2,[ 6.2e-10 6.2e-10 ],R13
,\\scdc-fs-12r2\public\channels\IEEE802p3ck\tracy_3ck_02_0719\P1_Tx5\P1_TX2_P2_RX5_Normal.s4p,\\scdc-fs-12r2\public\channels\IEEE802p3ck\tracy_3ck_02_0719\P1_Tx5\P2_TX6_P2_RX5_Normal.s4p,[ 1 3 2 4 ],1,1,2,[ 6.2e-10 6.2e-10 ],R13
,\\scdc-fs-12r2\public\channels\IEEE802p3ck\tracy_3ck_02_0719\P1_Tx5\P1_TX3_P2_RX5_Normal.s4p,\\scdc-fs-12r2\public\channels\IEEE802p3ck\tracy_3ck_02_0719\P1_Tx5\P2_TX7_P2_RX5_Normal.s4p,[ 1 3 2 4 ],1,1,2,[ 6.2e-10 6.2e-10 ],R13
,\\scdc-fs-12r2\public\channels\IEEE802p3ck\tracy_3ck_02_0719\P1_Tx5\P1_TX4_P2_RX5_Normal.s4p,\\scdc-fs-12r2\public\channels\IEEE802p3ck\tracy_3ck_02_0719\P1_Tx5\P2_TX8_P2_RX5_Normal.s4p,[ 1 3 2 4 ],1,1,2,[ 6.2e-10 6.2e-10 ],R13
,\\scdc-fs-12r2\public\channels\IEEE802p3ck\tracy_3ck_02_0719\P1_Tx5\P1_TX6_P2_RX5_Normal.s4p,\\scdc-fs-12r2\public\channels\IEEE802p3ck\tracy_3ck_02_0719\P1_Tx5\P2_TX1_P2_RX5_Normal.s4p,[ 1 3 2 4 ],1,1,2,[ 6.2e-10 6.2e-10 ],R13
,\\scdc-fs-12r2\public\channels\IEEE802p3ck\tracy_3ck_02_0719\P1_Tx5\P1_TX7_P2_RX5_Normal.s4p,\\scdc-fs-12r2\public\channels\IEEE802p3ck\tracy_3ck_02_0719\P1_Tx5\P2_TX2_P2_RX5_Normal.s4p,[ 1 3 2 4 ],1,1,2,[ 6.2e-10 6.2e-10 ],R13
,,\\scdc-fs-12r2\public\channels\IEEE802p3ck\tracy_3ck_02_0719\P1_Tx5\P2_TX3_P2_RX5_Normal.s4p,[ 1 3 2 4 ],1,1,2,[ 6.2e-10 6.2e-10 ],R13
\\scdc-fs-12r2\public\channels\IEEE802p3ck\tracy_3ck_02_0719\P1_Tx6\P1_TX6_P2_RX6_Normal.s4p,\\scdc-fs-12r2\public\channels\IEEE802p3ck\tracy_3ck_02_0719\P1_Tx6\P1_TX3_P2_RX6_Normal.s4p,\\scdc-fs-12r2\public\channels\IEEE802p3ck\tracy_3ck_02_0719\P1_Tx6\P2_TX5_P2_RX6_Normal.s4p,[ 1 3 2 4 ],1,1,2,[ 6.2e-10 6.2e-10 ],R14
,\\scdc-fs-12r2\public\channels\IEEE802p3ck\tracy_3ck_02_0719\P1_Tx6\P1_TX4_P2_RX6_Normal.s4p,\\scdc-fs-12r2\public\channels\IEEE802p3ck\tracy_3ck_02_0719\P1_Tx6\P2_TX6_P2_RX6_Normal.s4p,[ 1 3 2 4 ],1,1,2,[ 6.2e-10 6.2e-10 ],R14
,\\scdc-fs-12r2\public\channels\IEEE802p3ck\tracy_3ck_02_0719\P1_Tx6\P1_TX5_P2_RX6_Normal.s4p,\\scdc-fs-12r2\public\channels\IEEE802p3ck\tracy_3ck_02_0719\P1_Tx6\P2_TX7_P2_RX6_Normal.s4p,[ 1 3 2 4 ],1,1,2,[ 6.2e-10 6.2e-10 ],R14
,\\scdc-fs-12r2\public\channels\IEEE802p3ck\tracy_3ck_02_0719\P1_Tx6\P1_TX7_P2_RX6_Normal.s4p,\\scdc-fs-12r2\public\channels\IEEE802p3ck\tracy_3ck_02_0719\P1_Tx6\P2_TX8_P2_RX6_Normal.s4p,[ 1 3 2 4 ],1,1,2,[ 6.2e-10 6.2e-10 ],R14
,\\scdc-fs-12r2\public\channels\IEEE802p3ck\tracy_3ck_02_0719\P1_Tx6\P1_TX8_P2_RX6_Normal.s4p,\\scdc-fs-12r2\public\channels\IEEE802p3ck\tracy_3ck_02_0719\P1_Tx6\P2_TX1_P2_RX6_Normal.s4p,[ 1 3 2 4 ],1,1,2,[ 6.2e-10 6.2e-10 ],R14
,\\scdc-fs-12r2\public\channels\IEEE802p3ck\tracy_3ck_02_0719\P1_Tx6\P1_TX1_P2_RX6_Normal.s4p,\\scdc-fs-12r2\public\channels\IEEE802p3ck\tracy_3ck_02_0719\P1_Tx6\P2_TX2_P2_RX6_Normal.s4p,[ 1 3 2 4 ],1,1,2,[ 6.2e-10 6.2e-10 ],R14
,\\scdc-fs-12r2\public\channels\IEEE802p3ck\tracy_3ck_02_0719\P1_Tx6\P1_TX2_P2_RX6_Normal.s4p,\\scdc-fs-12r2\public\channels\IEEE802p3ck\tracy_3ck_02_0719\P1_Tx6\P2_TX3_P2_RX6_Normal.s4p,[ 1 3 2 4 ],1,1,2,[ 6.2e-10 6.2e-10 ],R14
,,\\scdc-fs-12r2\public\channels\IEEE802p3ck\tracy_3ck_02_0719\P1_Tx6\P2_TX4_P2_RX6_Normal.s4p,[ 1 3 2 4 ],1,1,2,[ 6.2e-10 6.2e-10 ],R14
\\scdc-fs-12r2\public\channels\IEEE802p3ck\tracy_3ck_02_0719\P1_Tx7\P1_TX7_P2_RX7_Normal.s4p,\\scdc-fs-12r2\public\channels\IEEE802p3ck\tracy_3ck_02_0719\P1_Tx7\P1_TX5_P2_RX7_Normal.s4p,\\scdc-fs-12r2\public\channels\IEEE802p3ck\tracy_3ck_02_0719\P1_Tx7\P2_TX3_P2_RX7_Normal.s4p,[ 1 3 2 4 ],1,1,2,[ 6.2e-10 6.2e-10 ],R15
,\\scdc-fs-12r2\public\channels\IEEE802p3ck\tracy_3ck_02_0719\P1_Tx7\P1_TX6_P2_RX7_Normal.s4p,\\scdc-fs-12r2\public\channels\IEEE802p3ck\tracy_3ck_02_0719\P1_Tx7\P2_TX4_P2_RX7_Normal.s4p,[ 1 3 2 4 ],1,1,2,[ 6.2e-10 6.2e-10 ],R15
,\\scdc-fs-12r2\public\channels\IEEE802p3ck\tracy_3ck_02_0719\P1_Tx7\P1_TX8_P2_RX7_Normal.s4p,\\scdc-fs-12r2\public\channels\IEEE802p3ck\tracy_3ck_02_0719\P1_Tx7\P2_TX5_P2_RX7_Normal.s4p,[ 1 3 2 4 ],1,1,2,[ 6.2e-10 6.2e-10 ],R15
,\\scdc-fs-12r2\public\channels\IEEE802p3ck\tracy_3ck_02_0719\P1_Tx7\P1_TX1_P2_RX7_Normal.s4p,\\scdc-fs-12r2\public\channels\IEEE802p3ck\tracy_3ck_02_0719\P1_Tx7\P2_TX6_P2_RX7_Normal.s4p,[ 1 3 2 4 ],1,1,2,[ 6.2e-10 6.2e-10 ],R15
,\\scdc-fs-12r2\public\channels\IEEE802p3ck\tracy_3ck_02_0719\P1_Tx7\P1_TX2_P2_RX7_Normal.s4p,\\scdc-fs-12r2\public\channels\IEEE802p3ck\tracy_3ck_02_0719\P1_Tx7\P2_TX7_P2_RX7_Normal.s4p,[ 1 3 2 4 ],1,1,2,[ 6.2e-10 6.2e-10 ],R15
,\\scdc-fs-12r2\public\channels\IEEE802p3ck\tracy_3ck_02_0719\P1_Tx7\P1_TX3_P2_RX7_Normal.s4p,\\scdc-fs-12r2\public\channels\IEEE802p3ck\tracy_3ck_02_0719\P1_Tx7\P2_TX8_P2_RX7_Normal.s4p,[ 1 3 2 4 ],1,1,2,[ 6.2e-10 6.2e-10 ],R15
,\\scdc-fs-12r2\public\channels\IEEE802p3ck\tracy_3ck_02_0719\P1_Tx7\P1_TX4_P2_RX7_Normal.s4p,\\scdc-fs-12r2\public\channels\IEEE802p3ck\tracy_3ck_02_0719\P1_Tx7\P2_TX1_P2_RX7_Normal.s4p,[ 1 3 2 4 ],1,1,2,[ 6.2e-10 6.2e-10 ],R15
,,\\scdc-fs-12r2\public\channels\IEEE802p3ck\tracy_3ck_02_0719\P1_Tx7\P2_TX2_P2_RX7_Normal.s4p,[ 1 3 2 4 ],1,1,2,[ 6.2e-10 6.2e-10 ],R15
\\scdc-fs-12r2\public\channels\IEEE802p3ck\tracy_3ck_02_0719\P1_Tx8\P1_TX8_P2_RX8_Normal.s4p,\\scdc-fs-12r2\public\channels\IEEE802p3ck\tracy_3ck_02_0719\P1_Tx8\P1_TX3_P2_RX8_Normal.s4p,\\scdc-fs-12r2\public\channels\IEEE802p3ck\tracy_3ck_02_0719\P1_Tx8\P2_TX4_P2_RX8_Normal.s4p,[ 1 3 2 4 ],1,1,2,[ 6.2e-10 6.2e-10 ],R16
,\\scdc-fs-12r2\public\channels\IEEE802p3ck\tracy_3ck_02_0719\P1_Tx8\P1_TX4_P2_RX8_Normal.s4p,\\scdc-fs-12r2\public\channels\IEEE802p3ck\tracy_3ck_02_0719\P1_Tx8\P2_TX5_P2_RX8_Normal.s4p,[ 1 3 2 4 ],1,1,2,[ 6.2e-10 6.2e-10 ],R16
,\\scdc-fs-12r2\public\channels\IEEE802p3ck\tracy_3ck_02_0719\P1_Tx8\P1_TX5_P2_RX8_Normal.s4p,\\scdc-fs-12r2\public\channels\IEEE802p3ck\tracy_3ck_02_0719\P1_Tx8\P2_TX6_P2_RX8_Normal.s4p,[ 1 3 2 4 ],1,1,2,[ 6.2e-10 6.2e-10 ],R16
,\\scdc-fs-12r2\public\channels\IEEE802p3ck\tracy_3ck_02_0719\P1_Tx8\P1_TX6_P2_RX8_Normal.s4p,\\scdc-fs-12r2\public\channels\IEEE802p3ck\tracy_3ck_02_0719\P1_Tx8\P2_TX7_P2_RX8_Normal.s4p,[ 1 3 2 4 ],1,1,2,[ 6.2e-10 6.2e-10 ],R16
,\\scdc-fs-12r2\public\channels\IEEE802p3ck\tracy_3ck_02_0719\P1_Tx8\P1_TX7_P2_RX8_Normal.s4p,\\scdc-fs-12r2\public\channels\IEEE802p3ck\tracy_3ck_02_0719\P1_Tx8\P2_TX8_P2_RX8_Normal.s4p,[ 1 3 2 4 ],1,1,2,[ 6.2e-10 6.2e-10 ],R16
,\\scdc-fs-12r2\public\channels\IEEE802p3ck\tracy_3ck_02_0719\P1_Tx8\P1_TX1_P2_RX8_Normal.s4p,\\scdc-fs-12r2\public\channels\IEEE802p3ck\tracy_3ck_02_0719\P1_Tx8\P2_TX1_P2_RX8_Normal.s4p,[ 1 3 2 4 ],1,1,2,[ 6.2e-10 6.2e-10 ],R16
,\\scdc-fs-12r2\public\channels\IEEE802p3ck\tracy_3ck_02_0719\P1_Tx8\P1_TX2_P2_RX8_Normal.s4p,\\scdc-fs-12r2\public\channels\IEEE802p3ck\tracy_3ck_02_0719\P1_Tx8\P2_TX2_P2_RX8_Normal.s4p,[ 1 3 2 4 ],1,1,2,[ 6.2e-10 6.2e-10 ],R16
,,\\scdc-fs-12r2\public\channels\IEEE802p3ck\tracy_3ck_02_0719\P1_Tx8\P2_TX3_P2_RX8_Normal.s4p,[ 1 3 2 4 ],1,1,2,[ 6.2e-10 6.2e-10 ],R16
\\scdc-fs-12r2\public\channels\IEEE802p3ck\tracy_3ck_02_0719\P2_Tx1\P2_TX1_P1_RX1_Normal.s4p,\\scdc-fs-12r2\public\channels\IEEE802p3ck\tracy_3ck_02_0719\P2_Tx1\P2_TX6_P1_RX1_Normal.s4p,\\scdc-fs-12r2\public\channels\IEEE802p3ck\tracy_3ck_02_0719\P2_Tx1\P1_TX3_P1_RX1_Normal.s4p,[ 1 3 2 4 ],1,1,2,[ 6.2e-10 6.2e-10 ],R17
,\\scdc-fs-12r2\public\channels\IEEE802p3ck\tracy_3ck_02_0719\P2_Tx1\P2_TX7_P1_RX1_Normal.s4p,\\scdc-fs-12r2\public\channels\IEEE802p3ck\tracy_3ck_02_0719\P2_Tx1\P1_TX4_P1_RX1_Normal.s4p,[ 1 3 2 4 ],1,1,2,[ 6.2e-10 6.2e-10 ],R17
,\\scdc-fs-12r2\public\channels\IEEE802p3ck\tracy_3ck_02_0719\P2_Tx1\P2_TX8_P1_RX1_Normal.s4p,\\scdc-fs-12r2\public\channels\IEEE802p3ck\tracy_3ck_02_0719\P2_Tx1\P1_TX5_P1_RX1_Normal.s4p,[ 1 3 2 4 ],1,1,2,[ 6.2e-10 6.2e-10 ],R17
,\\scdc-fs-12r2\public\channels\IEEE802p3ck\tracy_3ck_02_0719\P2_Tx1\P2_TX2_P1_RX1_Normal.s4p,\\scdc-fs-12r2\public\channels\IEEE802p3ck\tracy_3ck_02_0719\P2_Tx1\P1_TX6_P1_RX1_Normal.s4p,[ 1 3 2 4 ],1,1,2,[ 6.2e-10 6.2e-10 ],R17
,\\scdc-fs-12r2\public\channels\IEEE802p3ck\tracy_3ck_02_0719\P2_Tx1\P2_TX3_P1_RX1_Normal.s4p,\\scdc-fs-12r2\public\channels\IEEE802p3ck\tracy_3ck_02_0719\P2_Tx1\P1_TX7_P1_RX1_Normal.s4p,[ 1 3 2 4 ],1,1,2,[ 6.2e-10 6.2e-10 ],R17
,\\scdc-fs-12r2\public\channels\IEEE802p3ck\tracy_3ck_02_0719\P2_Tx1\P2_TX4_P1_RX1_Normal.s4p,\\scdc-fs-12r2\public\channels\IEEE802p3ck\tracy_3ck_02_0719\P2_Tx1\P1_TX8_P1_RX1_Normal.s4p,[ 1 3 2 4 ],1,1,2,[ 6.2e-10 6.2e-10 ],R17
,\\scdc-fs-12r2\public\channels\IEEE802p3ck\tracy_3ck_02_0719\P2_Tx1\P2_TX5_P1_RX1_Normal.s4p,\\scdc-fs-12r2\public\channels\IEEE802p3ck\tracy_3ck_02_0719\P2_Tx1\P1_TX1_P1_RX1_Normal.s4p,[ 1 3 2 4 ],1,1,2,[ 6.2e-10 6.2e-10 ],R17
,,\\scdc-fs-12r2\public\channels\IEEE802p3ck\tracy_3ck_02_0719\P2_Tx1\P1_TX2_P1_RX1_Normal.s4p,[ 1 3 2 4 ],1,1,2,[ 6.2e-10 6.2e-10 ],R17
\\scdc-fs-12r2\public\channels\IEEE802p3ck\tracy_3ck_02_0719\P2_Tx2\P2_TX2_P1_RX2_Normal.s4p,\\scdc-fs-12r2\public\channels\IEEE802p3ck\tracy_3ck_02_0719\P2_Tx2\P2_TX4_P1_RX2_Normal.s4p,\\scdc-fs-12r2\public\channels\IEEE802p3ck\tracy_3ck_02_0719\P2_Tx2\P1_TX2_P1_RX2_Normal.s4p,[ 1 3 2 4 ],1,1,2,[ 6.2e-10 6.2e-10 ],R18
,\\scdc-fs-12r2\public\channels\IEEE802p3ck\tracy_3ck_02_0719\P2_Tx2\P2_TX5_P1_RX2_Normal.s4p,\\scdc-fs-12r2\public\channels\IEEE802p3ck\tracy_3ck_02_0719\P2_Tx2\P1_TX3_P1_RX2_Normal.s4p,[ 1 3 2 4 ],1,1,2,[ 6.2e-10 6.2e-10 ],R18
,\\scdc-fs-12r2\public\channels\IEEE802p3ck\tracy_3ck_02_0719\P2_Tx2\P2_TX6_P1_RX2_Normal.s4p,\\scdc-fs-12r2\public\channels\IEEE802p3ck\tracy_3ck_02_0719\P2_Tx2\P1_TX4_P1_RX2_Normal.s4p,[ 1 3 2 4 ],1,1,2,[ 6.2e-10 6.2e-10 ],R18
,\\scdc-fs-12r2\public\channels\IEEE802p3ck\tracy_3ck_02_0719\P2_Tx2\P2_TX7_P1_RX2_Normal.s4p,\\scdc-fs-12r2\public\channels\IEEE802p3ck\tracy_3ck_02_0719\P2_Tx2\P1_TX5_P1_RX2_Normal.s4p,[ 1 3 2 4 ],1,1,2,[ 6.2e-10 6.2e-10 ],R18
,\\scdc-fs-12r2\public\channels\IEEE802p3ck\tracy_3ck_02_0719\P2_Tx2\P2_TX8_P1_RX2_Normal.s4p,\\scdc-fs-12r2\public\channels\IEEE802p3ck\tracy_3ck_02_0719\P2_Tx2\P1_TX6_P1_RX2_Normal.s4p,[ 1 3 2 4 ],1,1,2,[ 6.2e-10 6.2e-10 ],R18
,\\scdc-fs-12r2\public\channels\IEEE802p3ck\tracy_3ck_02_0719\P2_Tx2\P2_TX1_P1_RX2_Normal.s4p,\\scdc-fs-12r2\public\channels\IEEE802p3ck\tracy_3ck_02_0719\P2_Tx2\P1_TX7_P1_RX2_Normal.s4p,[ 1 3 2 4 ],1,1,2,[ 6.2e-10 6.2e-10 ],R18
,\\scdc-fs-12r2\public\channels\IEEE802p3ck\tracy_3ck_02_0719\P2_Tx2\P2_TX3_P1_RX2_Normal.s4p,\\scdc-fs-12r2\public\channels\IEEE802p3ck\tracy_3ck_02_0719\P2_Tx2\P1_TX8_P1_RX2_Normal.s4p,[ 1 3 2 4 ],1,1,2,[ 6.2e-10 6.2e-10 ],R18
,,\\scdc-fs-12r2\public\channels\IEEE802p3ck\tracy_3ck_02_0719\P2_Tx2\P1_TX1_P1_RX2_Normal.s4p,[ 1 3 2 4 ],1,1,2,[ 6.2e-10 6.2e-10 ],R18
\\scdc-fs-12r2\public\channels\IEEE802p3ck\tracy_3ck_02_0719\P2_Tx3\P2_TX3_P1_RX3_Normal.s4p,\\scdc-fs-12r2\public\channels\IEEE802p3ck\tracy_3ck_02_0719\P2_Tx3\P2_TX5_P1_RX3_Normal.s4p,\\scdc-fs-12r2\public\channels\IEEE802p3ck\tracy_3ck_02_0719\P2_Tx3\P1_TX5_P1_RX3_Normal.s4p,[ 1 3 2 4 ],1,1,2,[ 6.2e-10 6.2e-10 ],R19
,\\scdc-fs-12r2\public\channels\IEEE802p3ck\tracy_3ck_02_0719\P2_Tx3\P2_TX6_P1_RX3_Normal.s4p,\\scdc-fs-12r2\public\channels\IEEE802p3ck\tracy_3ck_02_0719\P2_Tx3\P1_TX6_P1_RX3_Normal.s4p,[ 1 3 2 4 ],1,1,2,[ 6.2e-10 6.2e-10 ],R19
,\\scdc-fs-12r2\public\channels\IEEE802p3ck\tracy_3ck_02_0719\P2_Tx3\P2_TX7_P1_RX3_Normal.s4p,\\scdc-fs-12r2\public\channels\IEEE802p3ck\tracy_3ck_02_0719\P2_Tx3\P1_TX7_P1_RX3_Normal.s4p,[ 1 3 2 4 ],1,1,2,[ 6.2e-10 6.2e-10 ],R19
,\\scdc-fs-12r2\public\channels\IEEE802p3ck\tracy_3ck_02_0719\P2_Tx3\P2_TX8_P1_RX3_Normal.s4p,\\scdc-fs-12r2\public\channels\IEEE802p3ck\tracy_3ck_02_0719\P2_Tx3\P1_TX8_P1_RX3_Normal.s4p,[ 1 3 2 4 ],1,1,2,[ 6.2e-10 6.2e-10 ],R19
,\\scdc-fs-12r2\public\channels\IEEE802p3ck\tracy_3ck_02_0719\P2_Tx3\P2_TX1_P1_RX3_Normal.s4p,\\scdc-fs-12r2\public\channels\IEEE802p3ck\tracy_3ck_02_0719\P2_Tx3\P1_TX1_P1_RX3_Normal.s4p,[ 1 3 2 4 ],1,1,2,[ 6.2e-10 6.2e-10 ],R19
,\\scdc-fs-12r2\public\channels\IEEE802p3ck\tracy_3ck_02_0719\P2_Tx3\P2_TX2_P1_RX3_Normal.s4p,\\scdc-fs-12r2\public\channels\IEEE802p3ck\tracy_3ck_02_0719\P2_Tx3\P1_TX2_P1_RX3_Normal.s4p,[ 1 3 2 4 ],1,1,2,[ 6.2e-10 6.2e-10 ],R19
,\\scdc-fs-12r2\public\channels\IEEE802p3ck\tracy_3ck_02_0719\P2_Tx3\P2_TX4_P1_RX3_Normal.s4p,\\scdc-fs-12r2\public\channels\IEEE802p3ck\tracy_3ck_02_0719\P2_Tx3\P1_TX3_P1_RX3_Normal.s4p,[ 1 3 2 4 ],1,1,2,[ 6.2e-10 6.2e-10 ],R19
,,\\scdc-fs-12r2\public\channels\IEEE802p3ck\tracy_3ck_02_0719\P2_Tx3\P1_TX4_P1_RX3_Normal.s4p,[ 1 3 2 4 ],1,1,2,[ 6.2e-10 6.2e-10 ],R19
\\scdc-fs-12r2\public\channels\IEEE802p3ck\tracy_3ck_02_0719\P2_Tx4\P2_TX4_P1_RX4_Normal.s4p,\\scdc-fs-12r2\public\channels\IEEE802p3ck\tracy_3ck_02_0719\P2_Tx4\P2_TX2_P1_RX4_Normal.s4p,\\scdc-fs-12r2\public\channels\IEEE802p3ck\tracy_3ck_02_0719\P2_Tx4\P1_TX6_P1_RX4_Normal.s4p,[ 1 3 2 4 ],1,1,2,[ 6.2e-10 6.2e-10 ],R20
,\\scdc-fs-12r2\public\channels\IEEE802p3ck\tracy_3ck_02_0719\P2_Tx4\P2_TX3_P1_RX4_Normal.s4p,\\scdc-fs-12r2\public\channels\IEEE802p3ck\tracy_3ck_02_0719\P2_Tx4\P1_TX7_P1_RX4_Normal.s4p,[ 1 3 2 4 ],1,1,2,[ 6.2e-10 6.2e-10 ],R20
,\\scdc-fs-12r2\public\channels\IEEE802p3ck\tracy_3ck_02_0719\P2_Tx4\P2_TX5_P1_RX4_Normal.s4p,\\scdc-fs-12r2\public\channels\IEEE802p3ck\tracy_3ck_02_0719\P2_Tx4\P1_TX8_P1_RX4_Normal.s4p,[ 1 3 2 4 ],1,1,2,[ 6.2e-10 6.2e-10 ],R20
,\\scdc-fs-12r2\public\channels\IEEE802p3ck\tracy_3ck_02_0719\P2_Tx4\P2_TX6_P1_RX4_Normal.s4p,\\scdc-fs-12r2\public\channels\IEEE802p3ck\tracy_3ck_02_0719\P2_Tx4\P1_TX1_P1_RX4_Normal.s4p,[ 1 3 2 4 ],1,1,2,[ 6.2e-10 6.2e-10 ],R20
,\\scdc-fs-12r2\public\channels\IEEE802p3ck\tracy_3ck_02_0719\P2_Tx4\P2_TX7_P1_RX4_Normal.s4p,\\scdc-fs-12r2\public\channels\IEEE802p3ck\tracy_3ck_02_0719\P2_Tx4\P1_TX2_P1_RX4_Normal.s4p,[ 1 3 2 4 ],1,1,2,[ 6.2e-10 6.2e-10 ],R20
,\\scdc-fs-12r2\public\channels\IEEE802p3ck\tracy_3ck_02_0719\P2_Tx4\P2_TX8_P1_RX4_Normal.s4p,\\scdc-fs-12r2\public\channels\IEEE802p3ck\tracy_3ck_02_0719\P2_Tx4\P1_TX3_P1_RX4_Normal.s4p,[ 1 3 2 4 ],1,1,2,[ 6.2e-10 6.2e-10 ],R20
,\\scdc-fs-12r2\public\channels\IEEE802p3ck\tracy_3ck_02_0719\P2_Tx4\P2_TX1_P1_RX4_Normal.s4p,\\scdc-fs-12r2\public\channels\IEEE802p3ck\tracy_3ck_02_0719\P2_Tx4\P1_TX4_P1_RX4_Normal.s4p,[ 1 3 2 4 ],1,1,2,[ 6.2e-10 6.2e-10 ],R20
,,\\scdc-fs-12r2\public\channels\IEEE802p3ck\tracy_3ck_02_0719\P2_Tx4\P1_TX5_P1_RX4_Normal.s4p,[ 1 3 2 4 ],1,1,2,[ 6.2e-10 6.2e-10 ],R20
\\scdc-fs-12r2\public\channels\IEEE802p3ck\tracy_3ck_02_0719\P2_Tx5\P2_TX5_P1_RX5_Normal.s4p,\\scdc-fs-12r2\public\channels\IEEE802p3ck\tracy_3ck_02_0719\P2_Tx5\P2_TX7_P1_RX5_Normal.s4p,\\scdc-fs-12r2\public\channels\IEEE802p3ck\tracy_3ck_02_0719\P2_Tx5\P1_TX6_P1_RX5_Normal.s4p,[ 1 3 2 4 ],1,1,2,[ 6.2e-10 6.2e-10 ],R21
,\\scdc-fs-12r2\public\channels\IEEE802p3ck\tracy_3ck_02_0719\P2_Tx5\P2_TX8_P1_RX5_Normal.s4p,\\scdc-fs-12r2\public\channels\IEEE802p3ck\tracy_3ck_02_0719\P2_Tx5\P1_TX7_P1_RX5_Normal.s4p,[ 1 3 2 4 ],1,1,2,[ 6.2e-10 6.2e-10 ],R21
,\\scdc-fs-12r2\public\channels\IEEE802p3ck\tracy_3ck_02_0719\P2_Tx5\P2_TX1_P1_RX5_Normal.s4p,\\scdc-fs-12r2\public\channels\IEEE802p3ck\tracy_3ck_02_0719\P2_Tx5\P1_TX8_P1_RX5_Normal.s4p,[ 1 3 2 4 ],1,1,2,[ 6.2e-10 6.2e-10 ],R21
,\\scdc-fs-12r2\public\channels\IEEE802p3ck\tracy_3ck_02_0719\P2_Tx5\P2_TX2_P1_RX5_Normal.s4p,\\scdc-fs-12r2\public\channels\IEEE802p3ck\tracy_3ck_02_0719\P2_Tx5\P1_TX1_P1_RX5_Normal.s4p,[ 1 3 2 4 ],1,1,2,[ 6.2e-10 6.2e-10 ],R21
,\\scdc-fs-12r2\public\channels\IEEE802p3ck\tracy_3ck_02_0719\P2_Tx5\P2_TX3_P1_RX5_Normal.s4p,\\scdc-fs-12r2\public\channels\IEEE802p3ck\tracy_3ck_02_0719\P2_Tx5\P1_TX2_P1_RX5_Normal.s4p,[ 1 3 2 4 ],1,1,2,[ 6.2e-10 6.2e-10 ],R21
,\\scdc-fs-12r2\public\channels\IEEE802p3ck\tracy_3ck_02_0719\P2_Tx5\P2_TX4_P1_RX5_Normal.s4p,\\scdc-fs-12r2\public\channels\IEEE802p3ck\tracy_3ck_02_0719\P2_Tx5\P1_TX3_P1_RX5_Normal.s4p,[ 1 3 2 4 ],1,1,2,[ 6.2e-10 6.2e-10 ],R21
,\\scdc-fs-12r2\public\channels\IEEE802p3ck\tracy_3ck_02_0719\P2_Tx5\P2_TX6_P1_RX5_Normal.s4p,\\scdc-fs-12r2\public\channels\IEEE802p3ck\tracy_3ck_02_0719\P2_Tx5\P1_TX4_P1_RX5_Normal.s4p,[ 1 3 2 4 ],1,1,2,[ 6.2e-10 6.2e-10 ],R21
,,\\scdc-fs-12r2\public\channels\IEEE802p3ck\tracy_3ck_02_0719\P2_Tx5\P1_TX5_P1_RX5_Normal.s4p,[ 1 3 2 4 ],1,1,2,[ 6.2e-10 6.2e-10 ],R21
\\scdc-fs-12r2\public\channels\IEEE802p3ck\tracy_3ck_02_0719\P2_Tx6\P2_TX6_P1_RX6_Normal.s4p,\\scdc-fs-12r2\public\channels\IEEE802p3ck\tracy_3ck_02_0719\P2_Tx6\P2_TX3_P1_RX6_Normal.s4p,\\scdc-fs-12r2\public\channels\IEEE802p3ck\tracy_3ck_02_0719\P2_Tx6\P1_TX5_P1_RX6_Normal.s4p,[ 1 3 2 4 ],1,1,2,[ 6.2e-10 6.2e-10 ],R22
,\\scdc-fs-12r2\public\channels\IEEE802p3ck\tracy_3ck_02_0719\P2_Tx6\P2_TX4_P1_RX6_Normal.s4p,\\scdc-fs-12r2\public\channels\IEEE802p3ck\tracy_3ck_02_0719\P2_Tx6\P1_TX6_P1_RX6_Normal.s4p,[ 1 3 2 4 ],1,1,2,[ 6.2e-10 6.2e-10 ],R22
,\\scdc-fs-12r2\public\channels\IEEE802p3ck\tracy_3ck_02_0719\P2_Tx6\P2_TX5_P1_RX6_Normal.s4p,\\scdc-fs-12r2\public\channels\IEEE802p3ck\tracy_3ck_02_0719\P2_Tx6\P1_TX7_P1_RX6_Normal.s4p,[ 1 3 2 4 ],1,1,2,[ 6.2e-10 6.2e-10 ],R22
,\\scdc-fs-12r2\public\channels\IEEE802p3ck\tracy_3ck_02_0719\P2_Tx6\P2_TX7_P1_RX6_Normal.s4p,\\scdc-fs-12r2\public\channels\IEEE802p3ck\tracy_3ck_02_0719\P2_Tx6\P1_TX8_P1_RX6_Normal.s4p,[ 1 3 2 4 ],1,1,2,[ 6.2e-10 6.2e-10 ],R22
,\\scdc-fs-12r2\public\channels\IEEE802p3ck\tracy_3ck_02_0719\P2_Tx6\P2_TX8_P1_RX6_Normal.s4p,\\scdc-fs-12r2\public\channels\IEEE802p3ck\tracy_3ck_02_0719\P2_Tx6\P1_TX1_P1_RX6_Normal.s4p,[ 1 3 2 4 ],1,1,2,[ 6.2e-10 6.2e-10 ],R22
,\\scdc-fs-12r2\public\channels\IEEE802p3ck\tracy_3ck_02_0719\P2_Tx6\P2_TX1_P1_RX6_Normal.s4p,\\scdc-fs-12r2\public\channels\IEEE802p3ck\tracy_3ck_02_0719\P2_Tx6\P1_TX2_P1_RX6_Normal.s4p,[ 1 3 2 4 ],1,1,2,[ 6.2e-10 6.2e-10 ],R22
,\\scdc-fs-12r2\public\channels\IEEE802p3ck\tracy_3ck_02_0719\P2_Tx6\P2_TX2_P1_RX6_Normal.s4p,\\scdc-fs-12r2\public\channels\IEEE802p3ck\tracy_3ck_02_0719\P2_Tx6\P1_TX3_P1_RX6_Normal.s4p,[ 1 3 2 4 ],1,1,2,[ 6.2e-10 6.2e-10 ],R22
,,\\scdc-fs-12r2\public\channels\IEEE802p3ck\tracy_3ck_02_0719\P2_Tx6\P1_TX4_P1_RX6_Normal.s4p,[ 1 3 2 4 ],1,1,2,[ 6.2e-10 6.2e-10 ],R22
\\scdc-fs-12r2\public\channels\IEEE802p3ck\tracy_3ck_02_0719\P2_Tx7\P2_TX7_P1_RX7_Normal.s4p,\\scdc-fs-12r2\public\channels\IEEE802p3ck\tracy_3ck_02_0719\P2_Tx7\P2_TX3_P1_RX7_Normal.s4p,\\scdc-fs-12r2\public\channels\IEEE802p3ck\tracy_3ck_02_0719\P2_Tx7\P1_TX5_P1_RX7_Normal.s4p,[ 1 3 2 4 ],1,1,2,[ 6.2e-10 6.2e-10 ],R23
,\\scdc-fs-12r2\public\channels\IEEE802p3ck\tracy_3ck_02_0719\P2_Tx7\P2_TX4_P1_RX7_Normal.s4p,\\scdc-fs-12r2\public\channels\IEEE802p3ck\tracy_3ck_02_0719\P2_Tx7\P1_TX6_P1_RX7_Normal.s4p,[ 1 3 2 4 ],1,1,2,[ 6.2e-10 6.2e-10 ],R23
,\\scdc-fs-12r2\public\channels\IEEE802p3ck\tracy_3ck_02_0719\P2_Tx7\P2_TX5_P1_RX7_Normal.s4p,\\scdc-fs-12r2\public\channels\IEEE802p3ck\tracy_3ck_02_0719\P2_Tx7\P1_TX7_P1_RX7_Normal.s4p,[ 1 3 2 4 ],1,1,2,[ 6.2e-10 6.2e-10 ],R23
,\\scdc-fs-12r2\public\channels\IEEE802p3ck\tracy_3ck_02_0719\P2_Tx7\P2_TX6_P1_RX7_Normal.s4p,\\scdc-fs-12r2\public\channels\IEEE802p3ck\tracy_3ck_02_0719\P2_Tx7\P1_TX8_P1_RX7_Normal.s4p,[ 1 3 2 4 ],1,1,2,[ 6.2e-10 6.2e-10 ],R23
,\\scdc-fs-12r2\public\channels\IEEE802p3ck\tracy_3ck_02_0719\P2_Tx7\P2_TX8_P1_RX7_Normal.s4p,\\scdc-fs-12r2\public\channels\IEEE802p3ck\tracy_3ck_02_0719\P2_Tx7\P1_TX1_P1_RX7_Normal.s4p,[ 1 3 2 4 ],1,1,2,[ 6.2e-10 6.2e-10 ],R23
,\\scdc-fs-12r2\public\channels\IEEE802p3ck\tracy_3ck_02_0719\P2_Tx7\P2_TX1_P1_RX7_Normal.s4p,\\scdc-fs-12r2\public\channels\IEEE802p3ck\tracy_3ck_02_0719\P2_Tx7\P1_TX2_P1_RX7_Normal.s4p,[ 1 3 2 4 ],1,1,2,[ 6.2e-10 6.2e-10 ],R23
,\\scdc-fs-12r2\public\channels\IEEE802p3ck\tracy_3ck_02_0719\P2_Tx7\P2_TX2_P1_RX7_Normal.s4p,\\scdc-fs-12r2\public\channels\IEEE802p3ck\tracy_3ck_02_0719\P2_Tx7\P1_TX3_P1_RX7_Normal.s4p,[ 1 3 2 4 ],1,1,2,[ 6.2e-10 6.2e-10 ],R23
,,\\scdc-fs-12r2\public\channels\IEEE802p3ck\tracy_3ck_02_0719\P2_Tx7\P1_TX4_P1_RX7_Normal.s4p,[ 1 3 2 4 ],1,1,2,[ 6.2e-10 6.2e-10 ],R23
\\scdc-fs-12r2\public\channels\IEEE802p3ck\tracy_3ck_02_0719\P2_Tx8\P2_TX8_P1_RX8_Normal.s4p,\\scdc-fs-12r2\public\channels\IEEE802p3ck\tracy_3ck_02_0719\P2_Tx8\P2_TX3_P1_RX8_Normal.s4p,\\scdc-fs-12r2\public\channels\IEEE802p3ck\tracy_3ck_02_0719\P2_Tx8\P1_TX7_P1_RX8_Normal.s4p,[ 1 3 2 4 ],1,1,2,[ 6.2e-10 6.2e-10 ],R24
,\\scdc-fs-12r2\public\channels\IEEE802p3ck\tracy_3ck_02_0719\P2_Tx8\P2_TX4_P1_RX8_Normal.s4p,\\scdc-fs-12r2\public\channels\IEEE802p3ck\tracy_3ck_02_0719\P2_Tx8\P1_TX8_P1_RX8_Normal.s4p,[ 1 3 2 4 ],1,1,2,[ 6.2e-10 6.2e-10 ],R24
,\\scdc-fs-12r2\public\channels\IEEE802p3ck\tracy_3ck_02_0719\P2_Tx8\P2_TX5_P1_RX8_Normal.s4p,\\scdc-fs-12r2\public\channels\IEEE802p3ck\tracy_3ck_02_0719\P2_Tx8\P1_TX1_P1_RX8_Normal.s4p,[ 1 3 2 4 ],1,1,2,[ 6.2e-10 6.2e-10 ],R24
,\\scdc-fs-12r2\public\channels\IEEE802p3ck\tracy_3ck_02_0719\P2_Tx8\P2_TX6_P1_RX8_Normal.s4p,\\scdc-fs-12r2\public\channels\IEEE802p3ck\tracy_3ck_02_0719\P2_Tx8\P1_TX2_P1_RX8_Normal.s4p,[ 1 3 2 4 ],1,1,2,[ 6.2e-10 6.2e-10 ],R24
,\\scdc-fs-12r2\public\channels\IEEE802p3ck\tracy_3ck_02_0719\P2_Tx8\P2_TX7_P1_RX8_Normal.s4p,\\scdc-fs-12r2\public\channels\IEEE802p3ck\tracy_3ck_02_0719\P2_Tx8\P1_TX3_P1_RX8_Normal.s4p,[ 1 3 2 4 ],1,1,2,[ 6.2e-10 6.2e-10 ],R24
,\\scdc-fs-12r2\public\channels\IEEE802p3ck\tracy_3ck_02_0719\P2_Tx8\P2_TX1_P1_RX8_Normal.s4p,\\scdc-fs-12r2\public\channels\IEEE802p3ck\tracy_3ck_02_0719\P2_Tx8\P1_TX4_P1_RX8_Normal.s4p,[ 1 3 2 4 ],1,1,2,[ 6.2e-10 6.2e-10 ],R24
,\\scdc-fs-12r2\public\channels\IEEE802p3ck\tracy_3ck_02_0719\P2_Tx8\P2_TX2_P1_RX8_Normal.s4p,\\scdc-fs-12r2\public\channels\IEEE802p3ck\tracy_3ck_02_0719\P2_Tx8\P1_TX5_P1_RX8_Normal.s4p,[ 1 3 2 4 ],1,1,2,[ 6.2e-10 6.2e-10 ],R24
,,\\scdc-fs-12r2\public\channels\IEEE802p3ck\tracy_3ck_02_0719\P2_Tx8\P1_TX6_P1_RX8_Normal.s4p,[ 1 3 2 4 ],1,1,2,[ 6.2e-10 6.2e-10 ],R24
\\scdc-fs-12r2\public\channels\IEEE802p3ck\mellitz_3ck_02_1118_CA\qsfpddmtf-dd-2m-qsfpddmtf_V2_thru.s4p,\\scdc-fs-12r2\public\channels\IEEE802p3ck\mellitz_3ck_02_1118_CA\qsfpddmtf-dd-2m-qsfpddmtf_V2_fext2.s4p,\\scdc-fs-12r2\public\channels\IEEE802p3ck\mellitz_3ck_02_1118_CA\qsfpddmtf-dd-2m-qsfpddmtf_V2_next1.s4p,[ 1 3 2 4 ],1,1,2,[ 6.2e-10 6.2e-10 ],R25
,\\scdc-fs-12r2\public\channels\IEEE802p3ck\mellitz_3ck_02_1118_CA\qsfpddmtf-dd-2m-qsfpddmtf_V2_fext3.s4p,\\scdc-fs-12r2\public\channels\IEEE802p3ck\mellitz_3ck_02_1118_CA\qsfpddmtf-dd-2m-qsfpddmtf_V2_next2.s4p,[ 1 3 2 4 ],1,1,2,[ 6.2e-10 6.2e-10 ],R25
,\\scdc-fs-12r2\public\channels\IEEE802p3ck\mellitz_3ck_02_1118_CA\qsfpddmtf-dd-2m-qsfpddmtf_V2_fext4.s4p,\\scdc-fs-12r2\public\channels\IEEE802p3ck\mellitz_3ck_02_1118_CA\qsfpddmtf-dd-2m-qsfpddmtf_V2_next3.s4p,[ 1 3 2 4 ],1,1,2,[ 6.2e-10 6.2e-10 ],R25
,\\scdc-fs-12r2\public\channels\IEEE802p3ck\mellitz_3ck_02_1118_CA\qsfpddmtf-dd-2m-qsfpddmtf_V2_fext5.s4p,\\scdc-fs-12r2\public\channels\IEEE802p3ck\mellitz_3ck_02_1118_CA\qsfpddmtf-dd-2m-qsfpddmtf_V2_next4.s4p,[ 1 3 2 4 ],1,1,2,[ 6.2e-10 6.2e-10 ],R25
,\\scdc-fs-12r2\public\channels\IEEE802p3ck\mellitz_3ck_02_1118_CA\qsfpddmtf-dd-2m-qsfpddmtf_V2_fext6.s4p,\\scdc-fs-12r2\public\channels\IEEE802p3ck\mellitz_3ck_02_1118_CA\qsfpddmtf-dd-2m-qsfpddmtf_V2_next5.s4p,[ 1 3 2 4 ],1,1,2,[ 6.2e-10 6.2e-10 ],R25
,\\scdc-fs-12r2\public\channels\IEEE802p3ck\mellitz_3ck_02_1118_CA\qsfpddmtf-dd-2m-qsfpddmtf_V2_fext7.s4p,\\scdc-fs-12r2\public\channels\IEEE802p3ck\mellitz_3ck_02_1118_CA\qsfpddmtf-dd-2m-qsfpddmtf_V2_next6.s4p,[ 1 3 2 4 ],1,1,2,[ 6.2e-10 6.2e-10 ],R25
,\\scdc-fs-12r2\public\channels\IEEE802p3ck\mellitz_3ck_02_1118_CA\qsfpddmtf-dd-2m-qsfpddmtf_V2_fext1.s4p,\\scdc-fs-12r2\public\channels\IEEE802p3ck\mellitz_3ck_02_1118_CA\qsfpddmtf-dd-2m-qsfpddmtf_V2_next7.s4p,[ 1 3 2 4 ],1,1,2,[ 6.2e-10 6.2e-10 ],R25
,,\\scdc-fs-12r2\public\channels\IEEE802p3ck\mellitz_3ck_02_1118_CA\qsfpddmtf-dd-2m-qsfpddmtf_V2_next8.s4p,[ 1 3 2 4 ],1,1,2,[ 6.2e-10 6.2e-10 ],R25
\\scdc-richardm\Users\richardm\OneDrive - Samtec\Documents\IEEE\IEEE802.3ck\Channels\qsfpddmtf-dd-2m-qsfpddmtf_V4_thru.s4p,\\scdc-richardm\Users\richardm\OneDrive - Samtec\Documents\IEEE\IEEE802.3ck\Channels\qsfpddmtf-dd-2m-qsfpddmtf_V4_fext5.s4p,\\scdc-richardm\Users\richardm\OneDrive - Samtec\Documents\IEEE\IEEE802.3ck\Channels\qsfpddmtf-dd-2m-qsfpddmtf_V4_next4.s4p,[ 1 3 2 4 ],1,1,2,[ 6.2e-10 6.2e-10 ],R26
,\\scdc-richardm\Users\richardm\OneDrive - Samtec\Documents\IEEE\IEEE802.3ck\Channels\qsfpddmtf-dd-2m-qsfpddmtf_V4_fext6.s4p,\\scdc-richardm\Users\richardm\OneDrive - Samtec\Documents\IEEE\IEEE802.3ck\Channels\qsfpddmtf-dd-2m-qsfpddmtf_V4_next5.s4p,[ 1 3 2 4 ],1,1,2,[ 6.2e-10 6.2e-10 ],R26
,\\scdc-richardm\Users\richardm\OneDrive - Samtec\Documents\IEEE\IEEE802.3ck\Channels\qsfpddmtf-dd-2m-qsfpddmtf_V4_fext7.s4p,\\scdc-richardm\Users\richardm\OneDrive - Samtec\Documents\IEEE\IEEE802.3ck\Channels\qsfpddmtf-dd-2m-qsfpddmtf_V4_next6.s4p,[ 1 3 2 4 ],1,1,2,[ 6.2e-10 6.2e-10 ],R26
,\\scdc-richardm\Users\richardm\OneDrive - Samtec\Documents\IEEE\IEEE802.3ck\Channels\qsfpddmtf-dd-2m-qsfpddmtf_V4_fext1.s4p,\\scdc-richardm\Users\richardm\OneDrive - Samtec\Documents\IEEE\IEEE802.3ck\Channels\qsfpddmtf-dd-2m-qsfpddmtf_V4_next7.s4p,[ 1 3 2 4 ],1,1,2,[ 6.2e-10 6.2e-10 ],R26
,\\scdc-richardm\Users\richardm\OneDrive - Samtec\Documents\IEEE\IEEE802.3ck\Channels\qsfpddmtf-dd-2m-qsfpddmtf_V4_fext2.s4p,\\scdc-richardm\Users\richardm\OneDrive - Samtec\Documents\IEEE\IEEE802.3ck\Channels\qsfpddmtf-dd-2m-qsfpddmtf_V4_next8.s4p,[ 1 3 2 4 ],1,1,2,[ 6.2e-10 6.2e-10 ],R26
,\\scdc-richardm\Users\richardm\OneDrive - Samtec\Documents\IEEE\IEEE802.3ck\Channels\qsfpddmtf-dd-2m-qsfpddmtf_V4_fext3.s4p,\\scdc-richardm\Users\richardm\OneDrive - Samtec\Documents\IEEE\IEEE802.3ck\Channels\qsfpddmtf-dd-2m-qsfpddmtf_V4_next1.s4p,[ 1 3 2 4 ],1,1,2,[ 6.2e-10 6.2e-10 ],R26
,\\scdc-richardm\Users\richardm\OneDrive - Samtec\Documents\IEEE\IEEE802.3ck\Channels\qsfpddmtf-dd-2m-qsfpddmtf_V4_fext4.s4p,\\scdc-richardm\Users\richardm\OneDrive - Samtec\Documents\IEEE\IEEE802.3ck\Channels\qsfpddmtf-dd-2m-qsfpddmtf_V4_next2.s4p,[ 1 3 2 4 ],1,1,2,[ 6.2e-10 6.2e-10 ],R26
,,\\scdc-richardm\Users\richardm\OneDrive - Samtec\Documents\IEEE\IEEE802.3ck\Channels\qsfpddmtf-dd-2m-qsfpddmtf_V4_next3.s4p,[ 1 3 2 4 ],1,1,2,[ 6.2e-10 6.2e-10 ],R26
